1001,"The Great Gatsby","F. Scott Fitzgerald",9780743273565,5,5,""",""",2025,""",1767850052,0,0
1002,"1984","George Orwell",9780451524935,3,3,""",""",2025,""",1767850052,0,0
1003,"To Kill a Mockingbird","Harper Lee",9780061120084,4,4,""",""",2025,""",1767850052,0,0
1004,"Pride and Prejudice","Jane Austen",9780141439518,6,6,""",""",2025,""",1767850052,0,0
1005,"The Catcher in the Rye","J.D. Salinger",9780316769174,2,2,""",""",2025,""",1767850052,0,0
1006,"Operating System Concepts","Abraham Silberschatz",9781119800361,2,2,""",""",2025,""",1767850052,0,0
1007,"Computer Networks","Andrew S. Tanenbaum",9780132126953,3,3,""",""",2025,""",1767850052,0,0
1008,"Artificial Intelligence","Stuart Russell",9780136042594,2,2,""",""",2025,""",1767850052,0,0
1009,"Database System Concepts","Abraham Silberschatz",9780073523323,3,3,""",""",2025,""",1767850052,0,0
1010,"C++ Primer","Stanley B. Lippman",9780321714114,4,4,""",""",2025,""",1767850052,0,0
1011,"Refactoring","Martin Fowler",9780201485677,3,3,""",""",2025,""",1767850052,0,0
1012,"Head First Design Patterns","Eric Freeman",9780596007126,3,3,""",""",2025,""",1767850052,0,0
1013,"The Hitchhiker's Guide to the Galaxy","Douglas Adams",9780345391803,2,2,""",""",2025,""",1767850052,0,0
1014,"The Lord of the Rings","J.R.R. Tolkien",9780618260584,4,4,""",""",2025,""",1767850052,0,0
1015,"The Picture of Dorian Gray","Oscar Wilde",9780141439518,6,6,""",""",2025,""",1767850052,0,0
1016,"The War of the Worlds","H.G. Wells",9780451524935,3,3,""",""",2025,""",1767850052,0,0
1017,"The Time Machine","H.G. Wells",9780451524935,3,3,""",""",2025,""",1767850052,0,0
1018,"The Adventures of Sherlock Holmes","Arthur Conan Doyle",9780141439518,6,6,""",""",2025,""",1767850052,0,0
1019,"The Adventures of Tom Sawyer","Mark Twain",9780141439518,6,6,""",""",2025,""",1767850052,0,0
1020,"The Adventures of Huckleberry Finn","Mark Twain",9780141439518,6,6,""",""",2025,""",1767850052,0,0

